6_1gemma_thinking_4thread_500iter_pp/Building_output/scores.json,0.9869565217391305,0.9739130434782609,0.0,200.15217391304347,3.347826086956522,4.565217391304348,35.65217391304348,0.3801980956301589,0.008176905764401825,Building,1.0,0.9130434782608695,0.6150834964119085,0.0,0.8043478260869567
6_1gemma_thinking_4thread_500iter_pp/Food_output/scores.json,0.9652173913043478,0.8478260869565217,0.0,161.65217391304347,1.0,4.565217391304348,26.804347826086957,0.08673599107614091,-0.04693782772274985,Food,1.0,0.9347826086956522,0.49444688718928853,0.0,0.8586956521739131
6_1gemma_thinking_4thread_500iter_pp/WrittenWork_output/scores.json,1.0,0.8697674418604651,0.0,110.20930232558139,2.3488372093023258,2.3488372093023258,20.488372093023255,0.5532216011063302,0.24354521546137428,WrittenWork,1.0,0.9534883720930233,0.7486253434546924,0.0,0.3488372093023255
6_2gemmas_thinking_1thread_pp/Building_output/scores.json,0.9608695652173912,0.9260869565217391,0.0,199.3695652173913,3.347826086956522,4.565217391304348,35.65217391304348,0.38050728783634286,0.006062712007458658,Building,1.0,0.8260869565217391,0.6181104080530521,0.0,0.8043478260869567
6_2gemmas_thinking_1thread_pp/Food_output/scores.json,0.9043478260869564,0.826086956521739,0.0,152.3913043478261,1.0,4.565217391304348,26.02173913043478,0.08386634429616968,0.0077631652517163256,Food,1.0,0.9130434782608695,0.5057230281759642,0.0,0.8586956521739131
6_2gemmas_thinking_1thread_pp/WrittenWork_output/scores.json,0.9813953488372092,0.9395348837209303,0.0,110.55813953488372,2.3488372093023258,2.3488372093023258,20.023255813953487,0.5384247745118311,0.2087443406845248,WrittenWork,1.0,0.813953488372093,0.7619503668370562,0.0,0.3488372093023255
6_2gemmas_thinking_4thread_pp/Building_output/scores.json,0.9608695652173912,0.8826086956521738,0.0,199.6304347826087,3.347826086956522,4.565217391304348,35.65217391304348,0.3805475845286432,0.005125973481630933,Building,1.0,0.782608695652174,0.6167479698230324,0.0,0.8043478260869567
6_2gemmas_thinking_4thread_pp/Food_output/scores.json,0.9260869565217391,0.8695652173913043,0.0,148.34782608695653,1.0,4.565217391304348,24.67391304347826,0.08199530046861021,-0.1243729255148682,Food,1.0,0.7391304347826086,0.49762644081880325,0.0,0.8586956521739131
6_2gemmas_thinking_4thread_pp/WrittenWork_output/scores.json,0.9953488372093023,0.8930232558139535,0.0,110.74418604651163,2.4186046511627906,2.3488372093023258,20.232558139534884,0.541791959905092,0.21876048579696536,WrittenWork,1.0,0.8604651162790697,0.7657800410149231,0.0,0.4186046511627906
7_gemma_1thread_500iter_pp/Building_output/scores.json,0.6599999999999999,0.505,0.0,129.625,3.55,4.565217391304348,25.5,0.3423534107957408,-0.11701290245788791,Building,0.61,0.425,0.4687392735845156,0.925,0.8333333333333333
7_gemma_1thread_500iter_pp/Food_output/scores.json,0.7695652173913043,0.47391304347826085,0.0,105.52173913043478,1.0,4.565217391304348,17.369565217391305,0.036191172517412495,-0.31561484394352074,Food,0.7782608695652173,0.34782608695652173,0.38272125513261696,0.8043478260869565,0.8586956521739131
7_gemma_1thread_500iter_pp/WrittenWork_output/scores.json,0.7441860465116279,0.4744186046511628,0.0,62.53488372093023,1.372093023255814,2.3488372093023258,11.627906976744185,0.32823782625016107,-0.5502979338400124,WrittenWork,0.5627906976744186,0.9767441860465116,0.5472545468695145,0.6976744186046512,1.3255813953488371
7_llama_1thread_500iter_pp/Building_output/scores.json,0.6739130434782609,0.5130434782608695,0.0,209.7391304347826,3.347826086956522,4.565217391304348,38.30434782608695,0.2625291108988456,-0.6578997391937434,Building,0.9434782608695652,0.021739130434782608,0.4775541976549642,0.0,0.8043478260869567
7_llama_1thread_500iter_pp/Food_output/scores.json,0.7565217391304347,0.391304347826087,0.0,101.41304347826087,2.5869565217391304,4.565217391304348,16.043478260869566,0.04041777481611642,-0.38778800395843777,Food,0.4608695652173913,0.9782608695652174,0.329346929642939,0.7391304347826086,1.1630434782608696
7_llama_1thread_500iter_pp/WrittenWork_output/scores.json,0.9581395348837208,0.7069767441860465,0.0,100.11627906976744,2.4186046511627906,2.3488372093023258,18.74418604651163,0.5481531688099973,0.15450989696117798,WrittenWork,0.9674418604651163,0.4418604651162791,0.6949101177492664,0.0,1.3410852713178294
7_qwen_1thread_500iter_pp/Building_output/scores.json,0.8913043478260869,0.7,0.021739130434782608,182.1086956521739,2.652173913043478,4.565217391304348,33.41304347826087,0.3497350097182108,-0.1316072943120979,Building,0.9565217391304348,0.32608695652173914,0.5481919201276686,0.0,1.3985507246376812
7_qwen_1thread_500iter_pp/Food_output/scores.json,0.9652173913043478,0.5739130434782609,0.0,161.0,2.0652173913043477,4.565217391304348,26.630434782608695,0.09641120395067532,-0.037899894477880516,Food,0.7130434782608696,0.8478260869565217,0.5036116291567235,0.0,0.3369565217391305
8_1gemma_noref_1thread_500_iter_pp/Food_output/scores.json,0.8434782608695652,0.7,0.0,179.93478260869566,1.0,4.565217391304348,30.043478260869566,0.08510689959412428,0.022126404878993828,Food,1.0,0.6739130434782609,0.5042438208873075,0.0,0.8586956521739131
8_1gemma_noref_1thread_500_iter_pp/WrittenWork_output/scores.json,0.9720930232558139,0.9162790697674419,0.023255813953488372,109.6046511627907,2.3488372093023258,2.3488372093023258,19.88372093023256,0.5493298659105494,0.21095432471050773,WrittenWork,0.9813953488372092,0.8604651162790697,0.7615771333734439,0.023255813953488372,0.3488372093023255
